{"meta": {"format": 3, "version": "7.13.0", "timestamp": "2026-06-14T08:10:29.559547", "branch_coverage": false, "show_contexts": false}, "files": {"src/fleet_memory/reindex/parsers.py": {"executed_lines": [1, 11, 13, 14, 15, 16, 18, 20, 21, 27, 30, 31, 32, 39, 40, 43, 44, 45, 52, 53, 56, 68, 69, 72, 85, 86, 88, 91, 92, 95, 109, 110, 117, 124, 125, 126, 128, 134, 140, 141, 147, 148, 151, 152, 164, 170, 185, 186, 193, 200, 201, 202, 203, 205, 211, 217, 218, 223, 224, 230, 231, 234, 235, 248, 254, 268, 269, 276, 283, 284, 285, 287, 293, 299, 300, 306, 307, 310, 311, 323, 329, 344, 345, 352, 359, 360, 361, 362, 364, 370, 376, 377, 382, 383, 389, 390, 396, 397, 400, 401, 414], "summary": {"covered_lines": 98, "num_statements": 127, "percent_covered": 77.16535433070867, "percent_covered_display": "77", "missing_lines": 29, "excluded_lines": 0, "percent_statements_covered": 77.16535433070867, "percent_statements_covered_display": "77"}, "missing_lines": [89, 111, 112, 118, 129, 135, 158, 159, 187, 188, 194, 206, 212, 242, 243, 270, 271, 277, 288, 294, 317, 318, 346, 347, 353, 365, 371, 408, 409], "excluded_lines": [], "functions": {"_normalize_identifier": {"executed_lines": [68, 69], "summary": {"covered_lines": 2, "num_statements": 2, "percent_covered": 100.0, "percent_covered_display": "100", "missing_lines": 0, "excluded_lines": 0, "percent_statements_covered": 100.0, "percent_statements_covered_display": "100"}, "missing_lines": [], "excluded_lines": []}, "_extract_frontmatter": {"executed_lines": [85, 86, 88, 91, 92], "summary": {"covered_lines": 5, "num_statements": 6, "percent_covered": 83.33333333333333, "percent_covered_display": "83", "missing_lines": 1, "excluded_lines": 0, "percent_statements_covered": 83.33333333333333, "percent_statements_covered_display": "83"}, "missing_lines": [89], "excluded_lines": []}, "parse_seed_module": {"executed_lines": [109, 110, 117, 124, 125, 126, 128, 134, 140, 141, 147, 148, 151, 152, 164], "summary": {"covered_lines": 15, "num_statements": 22, "percent_covered": 68.18181818181819, "percent_covered_display": "68", "missing_lines": 7, "excluded_lines": 0, "percent_statements_covered": 68.18181818181819, "percent_statements_covered_display": "68"}, "missing_lines": [111, 112, 118, 129, 135, 158, 159], "excluded_lines": []}, "parse_adr": {"executed_lines": [185, 186, 193, 200, 201, 202, 203, 205, 211, 217, 218, 223, 224, 230, 231, 234, 235, 248], "summary": {"covered_lines": 18, "num_statements": 25, "percent_covered": 72.0, "percent_covered_display": "72", "missing_lines": 7, "excluded_lines": 0, "percent_statements_covered": 72.0, "percent_statements_covered_display": "72"}, "missing_lines": [187, 188, 194, 206, 212, 242, 243], "excluded_lines": []}, "parse_review_report": {"executed_lines": [268, 269, 276, 283, 284, 285, 287, 293, 299, 300, 306, 307, 310, 311, 323], "summary": {"covered_lines": 15, "num_statements": 22, "percent_covered": 68.18181818181819, "percent_covered_display": "68", "missing_lines": 7, "excluded_lines": 0, "percent_statements_covered": 68.18181818181819, "percent_statements_covered_display": "68"}, "missing_lines": [270, 271, 277, 288, 294, 317, 318], "excluded_lines": []}, "parse_build_outcome": {"executed_lines": [344, 345, 352, 359, 360, 361, 362, 364, 370, 376, 377, 382, 383, 389, 390, 396, 397, 400, 401, 414], "summary": {"covered_lines": 20, "num_statements": 27, "percent_covered": 74.07407407407408, "percent_covered_display": "74", "missing_lines": 7, "excluded_lines": 0, "percent_statements_covered": 74.07407407407408, "percent_statements_covered_display": "74"}, "missing_lines": [346, 347, 353, 365, 371, 408, 409], "excluded_lines": []}, "": {"executed_lines": [1, 11, 13, 14, 15, 16, 18, 20, 21, 27, 30, 31, 32, 39, 40, 43, 44, 45, 52, 53, 56, 72, 95, 170, 254, 329], "summary": {"covered_lines": 23, "num_statements": 23, "percent_covered": 100.0, "percent_covered_display": "100", "missing_lines": 0, "excluded_lines": 0, "percent_statements_covered": 100.0, "percent_statements_covered_display": "100"}, "missing_lines": [], "excluded_lines": []}}, "classes": {"ParsedPayload": {"executed_lines": [], "summary": {"covered_lines": 0, "num_statements": 0, "percent_covered": 100.0, "percent_covered_display": "100", "missing_lines": 0, "excluded_lines": 0, "percent_statements_covered": 100.0, "percent_statements_covered_display": "100"}, "missing_lines": [], "excluded_lines": []}, "UnparseableDocument": {"executed_lines": [], "summary": {"covered_lines": 0, "num_statements": 0, "percent_covered": 100.0, "percent_covered_display": "100", "missing_lines": 0, "excluded_lines": 0, "percent_statements_covered": 100.0, "percent_statements_covered_display": "100"}, "missing_lines": [], "excluded_lines": []}, "": {"executed_lines": [1, 11, 13, 14, 15, 16, 18, 20, 21, 27, 30, 31, 32, 39, 40, 43, 44, 45, 52, 53, 56, 68, 69, 72, 85, 86, 88, 91, 92, 95, 109, 110, 117, 124, 125, 126, 128, 134, 140, 141, 147, 148, 151, 152, 164, 170, 185, 186, 193, 200, 201, 202, 203, 205, 211, 217, 218, 223, 224, 230, 231, 234, 235, 248, 254, 268, 269, 276, 283, 284, 285, 287, 293, 299, 300, 306, 307, 310, 311, 323, 329, 344, 345, 352, 359, 360, 361, 362, 364, 370, 376, 377, 382, 383, 389, 390, 396, 397, 400, 401, 414], "summary": {"covered_lines": 98, "num_statements": 127, "percent_covered": 77.16535433070867, "percent_covered_display": "77", "missing_lines": 29, "excluded_lines": 0, "percent_statements_covered": 77.16535433070867, "percent_statements_covered_display": "77"}, "missing_lines": [89, 111, 112, 118, 129, 135, 158, 159, 187, 188, 194, 206, 212, 242, 243, 270, 271, 277, 288, 294, 317, 318, 346, 347, 353, 365, 371, 408, 409], "excluded_lines": []}}}}, "totals": {"covered_lines": 98, "num_statements": 127, "percent_covered": 77.16535433070867, "percent_covered_display": "77", "missing_lines": 29, "excluded_lines": 0, "percent_statements_covered": 77.16535433070867, "percent_statements_covered_display": "77"}}